Workbook

Sheet 요약
A1: 오성철강 2026년 8월 실적 요약
A2: 매출: 그린ERP 작업실적(발생주의) 기준 / 비용: 하나·우리은행 실제 출금(현금주의) 기준 — 두 기준의 시점이 달라 실제 손익과 차이가 있을 수 있습니다.
A4: 매출 합계 (그린ERP 8월 작업실적) | B4: ='매출(ERP)'!D30 -> 55070630
A5: 영업비용 합계 (은행 출금, 카테고리 집계) | B5: =비용_요약!B27 -> 73371083
A6: 영업손익 (매출 - 비용) | B6: =B4-B5 -> -18300453
A8: 참고 (영업손익에 포함 안 됨)
A9: 설비투자(CAPEX) - 대홍엔지니어링 레벨링기계 잔금 | B9: =비용_요약!B31 -> 29480000
A10: 매출채권 회수(고객 입금, 현금흐름 참고용) | B10: =비용_요약!C32 -> 66159599
A11: 계좌간 자금이체(우리은행 내부이체) | B11: =비용_요약!C33 -> 20000000
A12: 잡수익: 확인된 항목 없음 (모든 입금이 매출채권 회수 또는 계좌간 이체로 분류됨)
A14: 주요 가정 및 확인 필요 사항
A15: 1) 비용은 8월 중 실제 계좌 출금액(현금주의) 기준이며, 매출은 8월 작업실적(발생주의) 기준입니다. 시점 불일치로 실제 손익과 차이가 있을 수 있습니다.
A16: 2) 카드대금은 카드사 청구/출금일 기준이라 실제 사용월과 다를 수 있습니다.
A17: 3) "기타(확인필요)" 항목(비용_거래내역 시트 노란색 표시, 총 968,000원)은 적요만으로 계정과목을 특정하기 어려워 별도 확인이 필요합니다.
A18: 4) 대홍엔지니어링 레벨링기계 잔금(29,480,000원)은 설비투자로 보아 당월 비용에서 제외했습니다.
A19: 5) "SAMSUN"으로 시작하는 CMS 자동이체 5건(870,600원)은 직원 개인 단체보험료로 추정했습니다(확인 필요).

Sheet 매출(ERP)
A1: 오성철강 2026년 8월 매출 (그린ERP 작업실적 기준)
A2: Source: Supabase greenp_production (그린ERP 미러), slip_date 2026-08-01~2026-08-31, 조회일 2026-09-01
A4: 거래처명 | B4: 작업유형 | C4: 건수 | D4: 금액(원)
A5: (주)대한강재 | B5: SLITING | C5: 157 | D5: 20219980
A6: (주)대한강재 | B6: SLITING2 | C6: 68 | D6: 11158870
A7: (주)유창 | B7: SLITING2 | C7: 32 | D7: 5959500
A8: (주)유창 | B8: SLITING | C8: 35 | D8: 4046580
A9: 태경스틸(주) | B9: SLITING | C9: 11 | D9: 1669950
A10: (주)미래이엔아이 | B10: SLITING2 | C10: 6 | D10: 1289800
A11: 강진밴드산업(주) | B11: SLITING | C11: 5 | D11: 1105800
A12: 서울내장(주) | B12: LEVELLING | C12: 4 | D12: 1020000
A13: (주)수창스틸 | B13: SLITING | C13: 3 | D13: 919200
A14: 정현철강(주) | B14: SLITING2 | C14: 5 | D14: 733000
A15: 강진밴드산업(주) | B15: LEVELLING | C15: 2 | D15: 676400
A16: (주)대한에스엔디 | B16: SLITING | C16: 4 | D16: 670800
... A29: 해성에스티(주) | B29: SLITING | C29: 1 | D29: 147000
A30: 합계 | C30: =SUM(C5:C29) -> 359 | D30: =SUM(D5:D29) -> 55070630
A32: 작업유형별 소계 (참고)
A33: SLITING | B33: =SUMIF($B$5:$B$29,A33,$D$5:$D$29) -> 29201710
A34: SLITING2 | B34: =SUMIF($B$5:$B$29,A34,$D$5:$D$29) -> 22465420
A35: LEVELLING | B35: =SUMIF($B$5:$B$29,A35,$D$5:$D$29) -> 3403500

Sheet 비용_거래내역
A1: 2026년 8월 은행 거래내역 (하나은행 433-910049-16804, 우리은행 1005-404-709760)
A2: Source: 거래내역조회_20260901(하나은행/우리은행).xls, 조회기간 각 2026-08-02~09-01 / 2026-08-01~09-01. 회색 행=영업비용 집계 제외(설비투자·매출채권 회수·계좌간 이체), 노란 셀=계정과목 확인 필요
A4: 은행 | B4: 거래일시 | C4: 구분 | D4: 내용 | E4: 출금액 | F4: 입금액 | G4: 거래후잔액 | H4: 카테고리
A5: 하나은행 | B5: 2026-08-31 16:03:52 | C5: 타행이체 | D5: (주)유창 | E5: 0 | F5: 4311934 | G5: 64516597 | H5: 제외-매출채권 회수(수금)
A6: 하나은행 | B6: 2026-08-31 15:54:17 | C6: 타행이체 | D6: (주)디엘메탈 | E6: 0 | F6: 192500 | G6: 60204663 | H6: 제외-매출채권 회수(수금)
A7: 하나은행 | B7: 2026-08-31 15:48:00 | C7: 타행송금(기업은행) | D7: 위드환경보건 ((5월누락분)) | E7: 200000 | F7: 0 | G7: 60012163 | H7: 지급수수료-환경측정
A8: 하나은행 | B8: 2026-08-31 15:47:59 | C8: 타행송금(기업은행) | D8: 승원철강 ((철밴딘19m)) | E8: 1265880 | F8: 0 | G8: 60212163 | H8: 외주가공비/자재비
A9: 하나은행 | B9: 2026-08-31 15:47:58 | C9: 타행송금(신한은행) | D9: 최윤애 ((원프드식당)) | E9: 1694550 | F9: 0 | G9: 61478043 | H9: 복리후생비-식대
A10: 하나은행 | B10: 2026-08-31 15:47:57 | C10: 타행송금(우체국) | D10: 윤영기 ((스키드=33)) | E10: 330000 | F10: 0 | G10: 63172593 | H10: 기타(확인필요)
A11: 하나은행 | B11: 2026-08-31 14:13:29 | C11: 타행이체 | D11: (주)주찬스틸 | E11: 0 | F11: 849200 | G11: 63502593 | H11: 제외-매출채권 회수(수금)
A12: 하나은행 | B12: 2026-08-31 14:12:12 | C12: 타행이체 | D12: 주식회사인창 | E12: 0 | F12: 234960 | G12: 62653393 | H12: 제외-매출채권 회수(수금)
A13: 하나은행 | B13: 2026-08-31 13:33:22 | C13: 타행이체 | D13: (주)대한에스엔디 | E13: 0 | F13: 547140 | G13: 62418433 | H13: 제외-매출채권 회수(수금)
A14: 하나은행 | B14: 2026-08-31 10:19:02 | C14: 타행이체 | D14: 대산공업(주) | E14: 0 | F14: 2799170 | G14: 61871293 | H14: 제외-매출채권 회수(수금)
A15: 하나은행 | B15: 2026-08-28 11:22:27 | C15: 타행이체 | D15: (주)미래이엔아이 | E15: 0 | F15: 2669524 | G15: 59072123 | H15: 제외-매출채권 회수(수금)
A16: 하나은행 | B16: 2026-08-27 09:37:46 | C16: 타행송금(신한은행) | D16: 스마트개발비용 | E16: 500000 | F16: 0 | G16: 56402599 | H16: 무형자산-개발비
... A92: 우리은행 | B92: 2026.08.05 16:39 | C92: 전기요금 | D92: 07월 전기요금 | E92: 5671350 | F92: 0 | G92: 16064199 | H92: 수도광열비-전기

Sheet 비용_요약
A1: 2026년 8월 비용 요약 (은행 출금 기준, 카테고리별)
A2: 아래 금액은 비용_거래내역 시트를 SUMIF로 집계한 값입니다. 카테고리 재분류가 필요하면 비용_거래내역의 H열(카테고리)을 수정하면 자동 반영됩니다.
A4: 비용 항목 | B4: 금액(원)
A5: 인건비-급여 | B5: =SUMIF(비용_거래내역!$H$5:$H$92,A5,비용_거래내역!$E$5:$E$92) -> 37079710
A6: 인건비-4대보험 | B6: =SUMIF(비용_거래내역!$H$5:$H$92,A6,비용_거래내역!$E$5:$E$92) -> 4611730
A7: 인건비-퇴직연금 | B7: =SUMIF(비용_거래내역!$H$5:$H$92,A7,비용_거래내역!$E$5:$E$92) -> 341940
A8: 이자비용 | B8: =SUMIF(비용_거래내역!$H$5:$H$92,A8,비용_거래내역!$E$5:$E$92) -> 7170714
A9: 카드대금 | B9: =SUMIF(비용_거래내역!$H$5:$H$92,A9,비용_거래내역!$E$5:$E$92) -> 4274664
A10: 수도광열비-전기 | B10: =SUMIF(비용_거래내역!$H$5:$H$92,A10,비용_거래내역!$E$5:$E$92) -> 5671350
A11: 수도광열비-수도 | B11: =SUMIF(비용_거래내역!$H$5:$H$92,A11,비용_거래내역!$E$5:$E$92) -> 102000
A12: 통신비 | B12: =SUMIF(비용_거래내역!$H$5:$H$92,A12,비용_거래내역!$E$5:$E$92) -> 125620
A13: 임차료-렌탈 | B13: =SUMIF(비용_거래내역!$H$5:$H$92,A13,비용_거래내역!$E$5:$E$92) -> 80580
A14: 보험료-일반(화재/차량 등) | B14: =SUMIF(비용_거래내역!$H$5:$H$92,A14,비용_거래내역!$E$5:$E$92) -> 139664
A15: 복리후생비-식대 | B15: =SUMIF(비용_거래내역!$H$5:$H$92,A15,비용_거래내역!$E$5:$E$92) -> 3196050
A16: 복리후생비-건강검진 | B16: =SUMIF(비용_거래내역!$H$5:$H$92,A16,비용_거래내역!$E$5:$E$92) -> 13750
... A26: 기타(확인필요) | B26: =SUMIF(비용_거래내역!$H$5:$H$92,A26,비용_거래내역!$E$5:$E$92) -> 968000
A27: 영업비용 합계 | B27: =SUM(B5:B26) -> 73371083
A29: 별도 참고 (영업비용 아님, 위 합계에서 제외됨)
A30: 항목 | B30: 출금액 | C30: 입금액
A31: 설비투자(CAPEX)-비용아님 | B31: =SUMIF(비용_거래내역!$H$5:$H$92,"설비투자(CAPEX)-비용아님",비용_거래내역!$E$5:$E$92) -> 29480000 | C31: =SUMIF(비용_거래내역!$H$5:$H$92,"설비투자(CAPEX)-비용아님",비용_거래내역!$F$5:$F$92) -> 0
A32: 매출채권 회수(수금, 참고용) | B32: =SUMIF(비용_거래내역!$H$5:$H$92,"제외-매출채권 회수(수금)",비용_거래내역!$E$5:$E$92) -> 0 | C32: =SUMIF(비용_거래내역!$H$5:$H$92,"제외-매출채권 회수(수금)",비용_거래내역!$F$5:$F$92) -> 66159599
A33: 계좌간 자금이체(참고용) | B33: =SUMIF(비용_거래내역!$H$5:$H$92,"제외-계좌간 자금이체",비용_거래내역!$E$5:$E$92) -> 0 | C33: =SUMIF(비용_거래내역!$H$5:$H$92,"제외-계좌간 자금이체",비용_거래내역!$F$5:$F$92) -> 20000000
